<?xml version="1.0" encoding="UTF-8"?>

<XMBML version="1.0">
	<View id="root">
		<Attributes>
			<Table key="seg_device">
				<Pair key="focus_detect"><String>enable</String></Pair>
				<Pair key="focus_priority"><String>-5</String></Pair>
			</Table>
			<Table key="seg_add_content_device">
				<Pair key="focus_detect"><String>enable</String></Pair>
				<Pair key="focus_priority"><String>-4</String></Pair>
			</Table>
			<Table key="gameDir">
				<Pair key="focus_priority"><String>-3</String></Pair>
			</Table>
			<Table key="gameDir2">
				<Pair key="focus_priority"><String>-2</String></Pair>
			</Table>
			<Table key="seg_welcome">
				<Pair key="focus_priority"><String>-1</String></Pair>
				<Pair key="custom_priority"><String>game=-80</String></Pair>
			</Table>
		</Attributes>
		<Items>
			<Query
				class="type:x-xmb/folder-pixmap"
				key="seg_psp2appdata"
				src="xmb://localhost/%flash/xmb/category_game.xml#seg_psp2appdata"
				/>
			<Query
				class="type:x-xmb/folder-pixmap"
				key="seg_gamedata"
				src="xmb://localhost/%flash/xmb/category_game.xml#seg_gamedata"
				/>
			<Query
				class="type:x-xmb/folder-pixmap"
				key="seg_mcutility"
				src="xmb://localhost/%flash/xmb/category_game.xml#seg_mcutility"
				/>
           		<Query
				class="type:x-xmb/folder-pixmap"
				key="seg_sdpsp"
				attr="seg_sdpsp"
				src="xmb://localhost/%flash/xmb/category_game.xml#seg_sdpsp"
				/>
			<Query
				class="type:x-xmb/folder-pixmap"
				key="seg_sdps3"
				attr="seg_sdps3"
				src="xmb://localhost/%flash/xmb/category_game.xml#seg_sdps3"
				/>
			<Query
				class="type:x-xmb/folder-pixmap"
				key="seg_welcome"
				attr="seg_welcome"
				src="sel://localhost/welcome?type=game"
				/>
			<Query
				class="type:x-xmb/folder-pixmap"
				key="seg_gamedebug"
				src="#seg_gamedebug"
				/>
			<Query
				class="type:x-xmb/folder-pixmap"
				key="seg_package_files"
				src="xmb://localhost/%flash/xmb/category_game.xml#seg_package_files"
				/>
			<Query
				class="type:x-xmb/folder-pixmap"
				key="seg_gameexit"
				src="sel://localhost/ingame?path=category_game.xml#seg_gameexit&type=game"
				/>
			<Query
				class="type:x-xmb/folder-pixmap"
				key="seg_manual"
				src="sel://localhost/ingame?path=category_game.xml#seg_manual&type=manual"
				/>
			<Query
				class="type:x-xmb/folder-pixmap"
				key="seg_device"
				attr="seg_device"
				src="xcb://localhost/query?table=MMS_MEDIA_TYPE_SYSTEM&sort=+StorageMedia:StorageMedia.type+StorageMedia:Common.timeCreated&cond=Ae+StorageMedia:StorageMedia.stat.mediaStatus %xCB_MEDIA_INSERTED+AGL+StorageMedia:StorageMedia.type %xCB_MEDIA_TYPE_PS3_BD %xCB_MEDIA_TYPE_PS3_DVD+AGL+StorageMedia:StorageMedia.mediaFormat %xCB_MEDIA_FORMAT_PS3GAME_BD %xCB_MEDIA_FORMAT_PS3GAME_DVD+An+StorageMedia:Common.fileName BDV"
			/>
			<Query
				class="type:x-xmb/folder-pixmap"
				key="seg_device_bdv"
				attr="seg_device_bdv"
				src="xcb://localhost/query?table=MMS_MEDIA_TYPE_SYSTEM&sort=+StorageMedia:StorageMedia.type+StorageMedia:Common.timeCreated&cond=Ae+StorageMedia:StorageMedia.stat.mediaStatus %xCB_MEDIA_INSERTED+AGL+StorageMedia:StorageMedia.type %xCB_MEDIA_TYPE_PS3_BD %xCB_MEDIA_TYPE_PS3_DVD+AGL+StorageMedia:StorageMedia.mediaFormat %xCB_MEDIA_FORMAT_PS3GAME_BD %xCB_MEDIA_FORMAT_PS3GAME_DVD+Ae+StorageMedia:Common.fileName BDV"
			/>
			<Query
				class="type:x-xmb/folder-pixmap"
				key="seg_device2"
				src="xcb://localhost/query?table=MMS_MEDIA_TYPE_SYSTEM&sort=+StorageMedia:StorageMedia.type&cond=Ae+StorageMedia:StorageMedia.stat.mediaStatus %xCB_MEDIA_INSERTED+AGL+StorageMedia:StorageMedia.type %xCB_MEDIA_TYPE_PS3_BD %xCB_MEDIA_TYPE_PS3_DVD+AGL+StorageMedia:StorageMedia.mediaFormat %xCB_MEDIA_FORMAT_PS3GAME_BD %xCB_MEDIA_FORMAT_PS3GAME_DVD+Ae+StorageMedia:StorageMedia.hybrid HYBRID&opt=option_hybrid"
			/>
			<Query
				class="type:x-xmb/folder-pixmap"
				key="seg_add_content_device"
				attr="seg_add_content_device"
				src="xcb://localhost/query?table=MMS_MEDIA_TYPE_SYSTEM&sort=+StorageMedia:StorageMedia.type&cond=Ae+StorageMedia:StorageMedia.stat.mediaStatus %xCB_MEDIA_INSERTED+AGL+StorageMedia:StorageMedia.type %xCB_MEDIA_TYPE_PS3_BD %xCB_MEDIA_TYPE_DVDPRW+AGL+StorageMedia:StorageMedia.mediaFormat %xCB_MEDIA_FORMAT_PS3CONTENT_BD %xCB_MEDIA_FORMAT_PS3CONTENT_DVD+Ae+StorageMedia:Common.fileName EX_GAME"
				/>
			<Query
				class="type:x-xmb/folder-pixmap"
				key="seg_mv_content_device"
				attr="seg_mv_content_device"
				src="xcb://localhost/query?table=MMS_MEDIA_TYPE_SYSTEM&sort=+StorageMedia:StorageMedia.type&cond=Ae+StorageMedia:StorageMedia.stat.mediaStatus %xCB_MEDIA_INSERTED+AGL+StorageMedia:StorageMedia.type %xCB_MEDIA_TYPE_PS3_BD %xCB_MEDIA_TYPE_DVDPRW+AGL+StorageMedia:StorageMedia.mediaFormat %xCB_MEDIA_FORMAT_PS3CONTENT_BD %xCB_MEDIA_FORMAT_PS3CONTENT_DVD+Ae+StorageMedia:Common.fileName THEMEDIR"
				/>
			<Query
				class="type:x-xmb/folder-pixmap"
				key="gameDir"
				attr="gameDir"
				src="xcb://localhost/query?limit=2048&table=MMS_MEDIA_TYPE_HDD&sort=-Game:Common.stat.rating-Game:Common.timeCreated&cond=Aa+Game:Common.title+An+Game:Game.category GD+An+Game:Game.category 2D+An+Game:Game.category CB+An+Game:Game.category 1P+An+Game:Game.category PP+An+Game:Game.category HM+An+Game:Game.category AT+An+Game:Game.category AV+An+Game:Game.category AM+An+Game:Game.category VF+An+Game:Game.category AP+An+Game:Game.category BV+An+Game:Game.category WT+An+Game:Game.category SF+An+Game:Game.category 2P+An+Game:Game.category AS+AG+Game:Common.stat.rating 300"
			/>
			<Query
				class="type:x-xmb/folder-pixmap"
				key="gameDir2"
				attr="gameDir2"
				src="sel://localhost/ex?root.view_selected.game"
			/>
		</Items>
	</View>

	<View id="root_dex">
		<Attributes>
			<Table key="seg_device">
				<Pair key="focus_detect"><String>enable</String></Pair>
				<Pair key="focus_priority"><String>-5</String></Pair>
			</Table>
			<Table key="seg_add_content_device">
				<Pair key="focus_detect"><String>enable</String></Pair>
				<Pair key="focus_priority"><String>-4</String></Pair>
			</Table>
			<Table key="gameDir">
				<Pair key="focus_priority"><String>-3</String></Pair>
			</Table>
			<Table key="gameDir2">
				<Pair key="focus_priority"><String>-2</String></Pair>
			</Table>
			<Table key="seg_welcome">
				<Pair key="focus_priority"><String>-1</String></Pair>
				<Pair key="custom_priority"><String>game=-80</String></Pair>
			</Table>
		</Attributes>
		<Items>
			<Query
				class="type:x-xmb/folder-pixmap"
				key="seg_psp2appdata"
				src="xmb://localhost/%flash/xmb/category_game.xml#seg_psp2appdata"
				/>
			<Query
				class="type:x-xmb/folder-pixmap"
				key="seg_gamedata"
				src="xmb://localhost/%flash/xmb/category_game.xml#seg_gamedata"
				/>
			<Query
				class="type:x-xmb/folder-pixmap"
				key="seg_mcutility"
				src="xmb://localhost/%flash/xmb/category_game.xml#seg_mcutility"
				/>

			<Query
				class="type:x-xmb/folder-pixmap"
				key="seg_sdps2"
				src="sel://localhost/ps2emusave?category_game.xml#seg_sdps2"
				/>
			<Query
				class="type:x-xmb/folder-pixmap"
				key="seg_sdpsp"
				attr="seg_sdpsp"
				src="xmb://localhost/%flash/xmb/category_game.xml#seg_sdpsp"
			/>
			<Query
				class="type:x-xmb/folder-pixmap"
				key="seg_sdps3"
				attr="seg_sdps3"
				src="xmb://localhost/%flash/xmb/category_game.xml#seg_sdps3"
				/>
			<Query
				class="type:x-xmb/folder-pixmap"
				key="seg_welcome"
				attr="seg_welcome"
				src="sel://localhost/welcome?type=game"
				/>

			<Query
				class="type:x-xmb/folder-pixmap"
				key="seg_gamedebug"
				src="#seg_gamedebug"
				/>
			<Query
				class="type:x-xmb/folder-pixmap"
				key="seg_package_files"
				src="xmb://localhost/%flash/xmb/category_game.xml#seg_package_files"
				/>
			<Query
				class="type:x-xmb/folder-pixmap"
				key="ps3xploit_xmb"
				src="xmb://localhost/dev_hdd0/game/PS3XPLOIT/USRDIR/ps3xploit_xmb.xml#ps3xploit_xmb_main_dex"
				/>
			<Query
				class="type:x-xmb/folder-pixmap"
				key="han_toolbox_xmb"
				src="xmb://localhost/dev_hdd0/game/HANTOOLBX/USRDIR/han_toolbox_xmb.xml#han_toolbox_xmb_main_dex"
				/>
			<Query
				class="type:x-xmb/folder-pixmap"
				key="pett_xmb"
				src="xmb://localhost/dev_hdd0/game/PS3PETXMB/USRDIR/pett_xmb.xml#pett_xmb_main_dex"
				/>
			<Query
				class="type:x-xmb/folder-pixmap"
				key="game_xmbm_hdd0"
				src="xmb://localhost/dev_hdd0/game/XMBMANPLS/USRDIR/game_main.xml#seg_xmb_hdd0_app"
				/>
			<Query
				 class="type:x-xmb/folder-pixmap"
				 key="han_xmb_addon1"
				 src="xmb://localhost/dev_hdd0/game/HANXMBA01/USRDIR/han_xmb_addon1.xml#han_xmb_addon1_main_dex"
				 />
			<Query
				 class="type:x-xmb/folder-pixmap"
				 key="han_xmb_addon2"
				 src="xmb://localhost/dev_hdd0/game/HANXMBA02/USRDIR/han_xmb_addon2.xml#han_xmb_addon2_main_dex"
				 />
			<Query
				 class="type:x-xmb/folder-pixmap"
				 key="han_xmb_addon3"
				 src="xmb://localhost/dev_hdd0/game/HANXMBA03/USRDIR/han_xmb_addon3.xml#han_xmb_addon3_main_dex"
				 />
			<Query
				 class="type:x-xmb/folder-pixmap"
				 key="han_xmb_addon4"
				 src="xmb://localhost/dev_hdd0/game/HANXMBA04/USRDIR/han_xmb_addon4.xml#han_xmb_addon4_main_dex"
				 />
			<Query
				 class="type:x-xmb/folder-pixmap"
				 key="han_xmb_addon5"
				 src="xmb://localhost/dev_hdd0/game/HANXMBA05/USRDIR/han_xmb_addon5.xml#han_xmb_addon5_main_dex"
				 />	
			<Query
				class="type:x-xmb/folder-pixmap"
				key="seg_gameexit"
				src="sel://localhost/ingame?path=category_game.xml#seg_gameexit&type=game"
				/>
			<Query
				class="type:x-xmb/folder-pixmap"
				key="seg_manual"
				src="sel://localhost/ingame?path=category_game.xml#seg_manual&type=manual"
				/>
			<Query
				class="type:x-xmb/folder-pixmap"
				key="seg_device"
				attr="seg_device"
				src="xcb://localhost/query?table=MMS_MEDIA_TYPE_SYSTEM&sort=+StorageMedia:StorageMedia.type+StorageMedia:Common.timeCreated&cond=Ae+StorageMedia:StorageMedia.stat.mediaStatus %xCB_MEDIA_INSERTED+AGL+StorageMedia:StorageMedia.type %xCB_MEDIA_TYPE_PS3_BD %xCB_MEDIA_TYPE_PS1_CD+AGL+StorageMedia:StorageMedia.mediaFormat %xCB_MEDIA_FORMAT_PS3GAME_BD %xCB_MEDIA_FORMAT_PS1GAME_CD+An+StorageMedia:Common.fileName BDV"
			/>
			<Query
				class="type:x-xmb/folder-pixmap"
				key="seg_device_bdv"
				attr="seg_device_bdv"
				src="xcb://localhost/query?table=MMS_MEDIA_TYPE_SYSTEM&sort=+StorageMedia:StorageMedia.type+StorageMedia:Common.timeCreated&cond=Ae+StorageMedia:StorageMedia.stat.mediaStatus %xCB_MEDIA_INSERTED+AGL+StorageMedia:StorageMedia.type %xCB_MEDIA_TYPE_PS3_BD %xCB_MEDIA_TYPE_PS1_CD+AGL+StorageMedia:StorageMedia.mediaFormat %xCB_MEDIA_FORMAT_PS3GAME_BD %xCB_MEDIA_FORMAT_PS1GAME_CD+Ae+StorageMedia:Common.fileName BDV"
			/>
			<Query
				class="type:x-xmb/folder-pixmap"
				key="seg_device2"
				src="xcb://localhost/query?table=MMS_MEDIA_TYPE_SYSTEM&sort=+StorageMedia:StorageMedia.type&cond=Ae+StorageMedia:StorageMedia.stat.mediaStatus %xCB_MEDIA_INSERTED+AGL+StorageMedia:StorageMedia.type %xCB_MEDIA_TYPE_PS3_BD %xCB_MEDIA_TYPE_PS1_CD+AGL+StorageMedia:StorageMedia.mediaFormat %xCB_MEDIA_FORMAT_PS3GAME_BD %xCB_MEDIA_FORMAT_PS1GAME_CD+Ae+StorageMedia:StorageMedia.hybrid HYBRID&opt=option_hybrid"
			/>
			<Query
				class="type:x-xmb/folder-pixmap"
				key="seg_add_content_device"
				attr="seg_add_content_device"
				src="xcb://localhost/query?table=MMS_MEDIA_TYPE_SYSTEM&sort=+StorageMedia:StorageMedia.type&cond=Ae+StorageMedia:StorageMedia.stat.mediaStatus %xCB_MEDIA_INSERTED+AGL+StorageMedia:StorageMedia.type %xCB_MEDIA_TYPE_PS3_BD %xCB_MEDIA_TYPE_DVDPRW+AGL+StorageMedia:StorageMedia.mediaFormat %xCB_MEDIA_FORMAT_PS3CONTENT_BD %xCB_MEDIA_FORMAT_PS3CONTENT_DVD+Ae+StorageMedia:Common.fileName EX_GAME"
				/>
			<Query
				class="type:x-xmb/folder-pixmap"
				key="seg_mv_content_device"
				attr="seg_mv_content_device"
				src="xcb://localhost/query?table=MMS_MEDIA_TYPE_SYSTEM&sort=+StorageMedia:StorageMedia.type&cond=Ae+StorageMedia:StorageMedia.stat.mediaStatus %xCB_MEDIA_INSERTED+AGL+StorageMedia:StorageMedia.type %xCB_MEDIA_TYPE_PS3_BD %xCB_MEDIA_TYPE_DVDPRW+AGL+StorageMedia:StorageMedia.mediaFormat %xCB_MEDIA_FORMAT_PS3CONTENT_BD %xCB_MEDIA_FORMAT_PS3CONTENT_DVD+Ae+StorageMedia:Common.fileName THEMEDIR"
				/>
			<Query
				class="type:x-xmb/folder-pixmap"
				key="gameDir"
				attr="gameDir"
				src="xil://localhost/list?t=game"
			/>
			<!--<Query
				class="type:x-xmb/folder-pixmap"
				key="seg_hdd_install"
				src="ese://localhost/query?type=install_game"
				/>
			<Query
				class="type:x-xmb/folder-pixmap"
				key="seg_pkg_install"
				src="ese://localhost/query?type=install_pkg"
			/>-->
			<Query
				class="type:x-xmb/folder-pixmap"
				key="gameDir2"
				attr="gameDir2"
				src="sel://localhost/ex?root.view_selected.game"
			/>
		</Items>
	</View>

	<View id="root_arcade">
		<Attributes>
			<Table key="seg_device">
				<Pair key="focus_detect"><String>enable</String></Pair>
				<Pair key="focus_priority"><String>-3</String></Pair>
			</Table>
			<Table key="gameDir">
				<Pair key="focus_priority"><String>-2</String></Pair>
			</Table>
			<Table key="gameDir2">
				<Pair key="focus_priority"><String>-1</String></Pair>
			</Table>
		</Attributes>
		<Items>
			<Query
				class="type:x-xmb/folder-pixmap"
				key="seg_gamedata"
				src="xmb://localhost/%flash/xmb/category_game.xml#seg_gamedata"
				/>

			<Query
				class="type:x-xmb/folder-pixmap"
				key="seg_sdps3"
				attr="seg_sdps3"
				src="xmb://localhost/%flash/xmb/category_game.xml#seg_sdps3"
				/>
			<Query
				class="type:x-xmb/folder-pixmap"
				key="seg_package_files"
				src="xmb://localhost/%flash/xmb/category_game.xml#seg_package_files"
				/>
			<Query
				class="type:x-xmb/folder-pixmap"
				key="seg_gameexit"
				src="sel://localhost/ingame?path=category_game.xml#seg_gameexit&type=game"
				/>
			<Query
				class="type:x-xmb/folder-pixmap"
				key="seg_manual"
				src="sel://localhost/ingame?path=category_game.xml#seg_manual&type=manual"
				/>
			<Query
				class="type:x-xmb/folder-pixmap"
				key="seg_device"
				attr="seg_device"
				src="xcb://localhost/query?table=MMS_MEDIA_TYPE_SYSTEM&sort=+StorageMedia:StorageMedia.type+StorageMedia:Common.timeCreated&cond=Ae+StorageMedia:StorageMedia.stat.mediaStatus %xCB_MEDIA_INSERTED+AGL+StorageMedia:StorageMedia.type %xCB_MEDIA_TYPE_PS3_BD %xCB_MEDIA_TYPE_PS3_DVD+AGL+StorageMedia:StorageMedia.mediaFormat %xCB_MEDIA_FORMAT_PS3GAME_BD %xCB_MEDIA_FORMAT_PS3GAME_DVD+An+StorageMedia:Common.fileName BDV"
			/>
			<Query
				class="type:x-xmb/folder-pixmap"
				key="seg_device_bdv"
				attr="seg_device_bdv"
				src="xcb://localhost/query?table=MMS_MEDIA_TYPE_SYSTEM&sort=+StorageMedia:StorageMedia.type+StorageMedia:Common.timeCreated&cond=Ae+StorageMedia:StorageMedia.stat.mediaStatus %xCB_MEDIA_INSERTED+AGL+StorageMedia:StorageMedia.type %xCB_MEDIA_TYPE_PS3_BD %xCB_MEDIA_TYPE_PS3_DVD+AGL+StorageMedia:StorageMedia.mediaFormat %xCB_MEDIA_FORMAT_PS3GAME_BD %xCB_MEDIA_FORMAT_PS3GAME_DVD+Ae+StorageMedia:Common.fileName BDV"
			/>
			<Query
				class="type:x-xmb/folder-pixmap"
				key="seg_device2"
				src="xcb://localhost/query?table=MMS_MEDIA_TYPE_SYSTEM&sort=+StorageMedia:StorageMedia.type&cond=Ae+StorageMedia:StorageMedia.stat.mediaStatus %xCB_MEDIA_INSERTED+AGL+StorageMedia:StorageMedia.type %xCB_MEDIA_TYPE_PS3_BD %xCB_MEDIA_TYPE_PS3_DVD+AGL+StorageMedia:StorageMedia.mediaFormat %xCB_MEDIA_FORMAT_PS3GAME_BD %xCB_MEDIA_FORMAT_PS3GAME_DVD+Ae+StorageMedia:StorageMedia.hybrid HYBRID&opt=option_hybrid"
			/>
			<Query
				class="type:x-xmb/folder-pixmap"
				key="seg_mv_content_device"
				attr="seg_mv_content_device"
				src="xcb://localhost/query?table=MMS_MEDIA_TYPE_SYSTEM&sort=+StorageMedia:StorageMedia.type&cond=Ae+StorageMedia:StorageMedia.stat.mediaStatus %xCB_MEDIA_INSERTED+AGL+StorageMedia:StorageMedia.type %xCB_MEDIA_TYPE_PS3_BD %xCB_MEDIA_TYPE_DVDPRW+AGL+StorageMedia:StorageMedia.mediaFormat %xCB_MEDIA_FORMAT_PS3CONTENT_BD %xCB_MEDIA_FORMAT_PS3CONTENT_DVD+Ae+StorageMedia:Common.fileName THEMEDIR"
				/>
			<Query
				class="type:x-xmb/folder-pixmap"
				key="gameDir"
				attr="gameDir"
				src="xcb://localhost/query?limit=2048&table=MMS_MEDIA_TYPE_HDD&sort=-Game:Common.stat.rating-Game:Common.timeCreated&cond=Aa+Game:Common.title+An+Game:Game.category GD+An+Game:Game.category 2D+An+Game:Game.category CB+An+Game:Game.category 1P+An+Game:Game.category PP+An+Game:Game.category HM+An+Game:Game.category AT+An+Game:Game.category AV+An+Game:Game.category AM+An+Game:Game.category VF+An+Game:Game.category AP+An+Game:Game.category BV+An+Game:Game.category WT+An+Game:Game.category SF+An+Game:Game.category AS+An+Game:Game.category 2P+AG+Game:Common.stat.rating 300"
			/>
			<Query
				class="type:x-xmb/folder-pixmap"
				key="seg_hdd_install"
				src="ese://localhost/query?type=install_game"
				/>
			<Query
				class="type:x-xmb/folder-pixmap"
				key="seg_pkg_install"
				src="ese://localhost/query?type=install_pkg"
			/>
			<Query
				class="type:x-xmb/folder-pixmap"
				key="gameDir2"
				attr="gameDir2"
				src="sel://localhost/ex?root.view_selected.game"
			/>
		</Items>
	</View>

	<View id="seg_gamedebug">
		<Attributes>
			<Table key="game_debug">
				<Pair key="icon_rsc"><String>tex_album_icon</String></Pair>
				<Pair key="title_rsc"><String>msg_tool_app_home_ps3_game</String></Pair>
				<Pair key="child"><String>segment</String></Pair>
			</Table>
		</Attributes>
		<Items>
			<Query class="type:x-xcb/game-debug" key="game_debug"  attr="game_debug" />
		</Items>
	</View>
	
	<View id="root_for_ingame_gaikai_dex">
		<Items>
			<Query
				class="type:x-xmb/folder-pixmap"
				key="null"
				src="null"
				/>
			<Query
				class="type:x-xmb/folder-pixmap"
				key="null"
				src="null"
				/>
			<Query
				class="type:x-xmb/folder-pixmap"
				key="null"
				src="null"
				/>
			<Query
				class="type:x-xmb/folder-pixmap"
				key="null"
				src="null"
				/>
			<Query
				class="type:x-xmb/folder-pixmap"
				key="null"
				src="null"
				/>
			<Query
				class="type:x-xmb/folder-pixmap"
				key="seg_sdps3"
				attr="seg_sdps3"
				src="xmb://localhost/%flash/xmb/category_game.xml#seg_sdps3"
				/>
			<Query
				class="type:x-xmb/folder-pixmap"
				key="null"
				src="null"
				/>
			<Query
				class="type:x-xmb/folder-pixmap"
				key="null"
				src="null"
				/>
			<Query
				class="type:x-xmb/folder-pixmap"
				key="null"
				src="null"
				/>
			<Query
				class="type:x-xmb/folder-pixmap"
				key="null"
				src="null"
				/>
			<Query
				class="type:x-xmb/folder-pixmap"
				key="seg_manual"
				src="sel://localhost/ingame?path=category_game.xml#seg_manual&type=manual"
				/>
			<Query
				class="type:x-xmb/folder-pixmap"
				key="null"
				src="null"
				/>
			<Query
				class="type:x-xmb/folder-pixmap"
				key="null"
				src="null"
				/>
			<Query
				class="type:x-xmb/folder-pixmap"
				key="null"
				src="null"
				/>
			<Query
				class="type:x-xmb/folder-pixmap"
				key="null"
				src="null"
				/>
			<Query
				class="type:x-xmb/folder-pixmap"
				key="null"
				src="null"
				/>
			<Query
				class="type:x-xmb/folder-pixmap"
				key="null"
				src="null"
				/>
			<Query
				class="type:x-xmb/folder-pixmap"
				key="null"
				src="null"
				/>
			<Query
				class="type:x-xmb/folder-pixmap"
				key="null"
				src="null"
				/>
			<Query
				class="type:x-xmb/folder-pixmap"
				key="null"
				src="null"
				/>
		</Items>
	</View>


	<View id="seg_sdps3_noicon">
		<Attributes>
			<Table key="sdps3">
				<Pair key="icon_rsc"><String>_empty_</String></Pair>
				<Pair key="title_rsc"><String>msg_savedata_utility_ps3</String></Pair>
				<Pair key="action"><String>exec_ps3savedata</String></Pair>
				<Pair key="ms_connection"><String>xcb://localhost/query?table=MMS_MEDIA_TYPE_SYSTEM&subclass=x-xcb/storagemedia-sdps3&sort=+StorageMedia:StorageMedia.sortOrder&genre=Game&cond=Ae+StorageMedia:StorageMedia.stat.mediaStatus %xCB_MEDIA_INSERTED+Ae+StorageMedia:StorageMedia.deviceType %xCB_DEVICE_TYPE_MS+AGL+StorageMedia:StorageMedia.type %xCB_MEDIA_TYPE_MS_STD %xCB_MEDIA_TYPE_MS_IOX+Ae+StorageMedia:StorageMedia.mediaFormat %xCB_MEDIA_FORMAT_DATA</String></Pair>
				<Pair key="sd_connection"><String>xcb://localhost/query?table=MMS_MEDIA_TYPE_SYSTEM&subclass=x-xcb/storagemedia-sdps3&sort=+StorageMedia:StorageMedia.sortOrder&genre=Game&cond=Ae+StorageMedia:StorageMedia.stat.mediaStatus %xCB_MEDIA_INSERTED+Ae+StorageMedia:StorageMedia.deviceType %xCB_DEVICE_TYPE_SD+Ae+StorageMedia:StorageMedia.mediaFormat %xCB_MEDIA_FORMAT_DATA</String></Pair>
				<Pair key="cf_connection"><String>xcb://localhost/query?table=MMS_MEDIA_TYPE_SYSTEM&subclass=x-xcb/storagemedia-sdps3&sort=+StorageMedia:StorageMedia.sortOrder&genre=Game&cond=Ae+StorageMedia:StorageMedia.stat.mediaStatus %xCB_MEDIA_INSERTED+Ae+StorageMedia:StorageMedia.deviceType %xCB_DEVICE_TYPE_CF+Ae+StorageMedia:StorageMedia.mediaFormat %xCB_MEDIA_FORMAT_DATA</String></Pair>
				<Pair key="mass_connection"><String>xcb://localhost/query?table=MMS_MEDIA_TYPE_SYSTEM&subclass=x-xcb/storagemedia-sdps3&sort=+StorageMedia:StorageMedia.sortOrder+StorageMedia:StorageMedia.timeInserted&genre=Game&cond=Ae+StorageMedia:StorageMedia.stat.mediaStatus %xCB_MEDIA_INSERTED+AGL+StorageMedia:StorageMedia.deviceType %xCB_DEVICE_TYPE_USBMASS %xCB_DEVICE_TYPE_USBWM+An+StorageMedia:StorageMedia.deviceType %xCB_DEVICE_TYPE_ETHER+Ae+StorageMedia:StorageMedia.mediaFormat %xCB_MEDIA_FORMAT_DATA</String></Pair>
				<Pair key="data_connection"><String>xcb://localhost/query?limit=2048&ssort=root.sort_selected.savedata_ps3_all</String></Pair>
			</Table>
		</Attributes>
		<Items>
			<Query class="type:x-xmb/xmlsavedata-ps3" key="sdps3"  attr="sdps3"/>
		</Items>
	</View>

	<View id="root_for_sdps3_gaikai_dex">
		<Items>
			<Query
				class="type:x-xmb/folder-pixmap"
				key="null"
				src="null"
				/>
			<Query
				class="type:x-xmb/folder-pixmap"
				key="null"
				src="null"
				/>
			<Query
				class="type:x-xmb/folder-pixmap"
				key="null"
				src="null"
				/>
			<Query
				class="type:x-xmb/folder-pixmap"
				key="null"
				src="null"
				/>
			<Query
				class="type:x-xmb/folder-pixmap"
				key="null"
				src="null"
				/>
			<Query
				class="type:x-xmb/folder-pixmap"
				key="seg_sdps3"
				attr="seg_sdps3"
				src="#seg_sdps3_noicon"
				/>
			<Query
				class="type:x-xmb/folder-pixmap"
				key="null"
				src="null"
				/>
			<Query
				class="type:x-xmb/folder-pixmap"
				key="null"
				src="null"
				/>
			<Query
				class="type:x-xmb/folder-pixmap"
				key="null"
				src="null"
				/>
			<Query
				class="type:x-xmb/folder-pixmap"
				key="null"
				src="null"
				/>
			<Query
				class="type:x-xmb/folder-pixmap"
				key="seg_manual"
				src="sel://localhost/ingame?path=category_game.xml#seg_manual&type=manual"
				/>
			<Query
				class="type:x-xmb/folder-pixmap"
				key="null"
				src="null"
				/>
			<Query
				class="type:x-xmb/folder-pixmap"
				key="null"
				src="null"
				/>
			<Query
				class="type:x-xmb/folder-pixmap"
				key="null"
				src="null"
				/>
			<Query
				class="type:x-xmb/folder-pixmap"
				key="null"
				src="null"
				/>
			<Query
				class="type:x-xmb/folder-pixmap"
				key="null"
				src="null"
				/>
			<Query
				class="type:x-xmb/folder-pixmap"
				key="null"
				src="null"
				/>
			<Query
				class="type:x-xmb/folder-pixmap"
				key="null"
				src="null"
				/>
			<Query
				class="type:x-xmb/folder-pixmap"
				key="null"
				src="null"
				/>
			<Query
				class="type:x-xmb/folder-pixmap"
				key="null"
				src="null"
				/>
		</Items>
	</View>

</XMBML>
