<?xml version="1.0" encoding="UTF-8"?>

<XMBML version="1.0">
	<View id="root">
		<Attributes>
			<Table key="seg_browser">
				<Pair key="focus_priority"><String>-1</String></Pair>
			</Table>
		</Attributes>
		<Items>
			<Query
				class="type:x-xmb/folder-pixmap"
				key="seg_manual"
				src="xmb://localhost/%flash/xmb/category_network.xml#seg_manual"
				/>
			<Query
				class="type:x-xmb/folder-pixmap"
				key="seg_premo"
				src="sel://localhost/nopremo?category_network.xml#seg_premo"
				/>
			<Query 
				class="type:x-xmb/folder-pixmap" 
				key="seg_browser" 
				attr="seg_browser" 
				src="xmb://localhost/%flash/xmb/category_network.xml#seg_browser"
				/>
			<Query
				class="type:x-xmb/folder-pixmap"
				key="seg_kensaku"
				src="xmb://localhost/%flash/xmb/category_network.xml#seg_kensaku"
				/>
			<Query
				class="type:x-xmb/folder-pixmap"
				key="seg_dlctrl"
				src="ese://localhost/query?type=download_control"
				/>
			<Query
				class="type:x-xmb/folder-pixmap"
				key="seg_gameexit"
				src="sel://localhost/ingame?path=category_network.xml#seg_gameexit&type=network"
				/>
			<Query
				class="type:x-xmb/folder-pixmap"
				key="gameDir"
				attr="gameDir"
				src="xcb://localhost/query?limit=2048&table=MMS_MEDIA_TYPE_HDD&sort=-Game:Common.stat.rating-Game:Common.timeCreated&cond=Aa+Game:Common.title+Ae+Game:Game.category CB"
			/>
		</Items>
	</View>
</XMBML>
